compound,Revised_Query,Match,HMDB,PubChem,ChEBI,KEGG,METLIN,SMILES,kegg_name
"1,2,3-Propanetricarboxylic acid","1,2,3-Propanetricarboxylic acid","1,2,3-Propanetricarboxylic acid",HMDB0031193,14925,45969,C19806,NA,OC(=O)CC(CC(O)=O)C(O)=O,"Propane-1,2,3-tricarboxylate"
"1,5-Anhydroglucitol","1,5-Anhydroglucitol","1,5-Anhydrosorbitol",HMDB0002712,64960,16070,C07326,3775,OC[C@H]1OC[C@H](O)[C@@H](O)[C@@H]1O,"1,5-Anhydro-D-glucitol"
2-Hydroxycaproic acid,2-Hydroxycaproic acid,2-Hydroxycaproic acid,HMDB0001624,99824,86542,NA,6332,CCCCC(O)C(O)=O,NA
2-Hydroxyvaleric acid,2-Hydroxyvaleric acid,2-Hydroxyvaleric acid,HMDB0001863,98009,60647,NA,NA,CCCC(O)C(O)=O,NA
2-Phenylpropionate,2-Phenylpropionate,2-Phenylpropionate,HMDB0011743,10296,48526,NA,NA,CC(C(O)=O)C1=CC=CC=C1,NA
3-(2-Hydroxyphenyl)propanoic acid,3-(2-Hydroxyphenyl)propanoic acid,3-(2-Hydroxyphenyl)propanoic acid,HMDB0033752,873,16104,C01198,NA,OC(=O)CCC1=CC=CC=C1O,3-(2-Hydroxyphenyl)propanoate
3-Furoic acid,3-Furoic acid,3-Furoic acid,HMDB0000444,10268,30846,NA,5433,OC(=O)C1=COC=C1,NA
3-Hydroxyanthranilic acid,3-Hydroxyanthranilic acid,3-Hydroxyanthranilic acid,HMDB0001476,86,15793,C00632,3275,NC1=C(O)C=CC=C1C(O)=O,3-Hydroxyanthranilate
3-Hydroxybenzyl alcohol,3-Hydroxybenzyl alcohol,3-Hydroxybenzyl alcohol,HMDB0059712,102,17069,C03351,NA,OCC1=CC=CC(O)=C1,3-Hydroxybenzyl alcohol
3-Hydroxybutyric acid,3-Hydroxybutyric acid,3-Hydroxybutyric acid,HMDB0000011,441,17066,C01089,NA,C[C@@H](O)CC(O)=O,(R)-3-Hydroxybutanoate
3-Methoxybenzenepropanoic acid,3-Methoxybenzenepropanoic acid,3-Methoxybenzenepropanoic acid,HMDB0011751,66336,NA,NA,NA,COC1=CC=CC(CCC(O)=O)=C1,NA
4-Guanidinobutanoic acid,4-Guanidinobutanoic acid,4-Guanidinobutanoic acid,HMDB0003464,500,15728,C01035,6938,NC(=N)NCCCC(O)=O,4-Guanidinobutanoate
4-Hydroxyproline,4-Hydroxyproline,4-Hydroxyproline,HMDB0000725,5810,18095,C01157,257,O[C@H]1CN[C@@H](C1)C(O)=O,Hydroxyproline
4-Trimethylammoniobutanoic acid,4-Trimethylammoniobutanoic acid,4-Trimethylammoniobutanoic acid,HMDB0001161,725,16244,C01181,6043,C[N+](C)(C)CCCC([O-])=O,4-Trimethylammoniobutanoate
5'-Methylthioadenosine,5'-Methylthioadenosine,5'-Methylthioadenosine,HMDB0001173,439176,17509,C00170,3425,CSC[C@H]1O[C@H]([C@H](O)[C@@H]1O)N1C=NC2=C1N=CN=C2N,5'-Methylthioadenosine
8-Aminooctanoic acid,8-Aminooctanoic acid,8-Aminooctanoic acid,HMDB0247418,66085,143265,NA,NA,NCCCCCCCC(O)=O,NA
Acetylcholine,Acetylcholine,Acetylcholine,HMDB0000895,187,15355,C01996,57,CC(=O)OCC[N+](C)(C)C,Acetylcholine
Acetylglycine,Acetylglycine,Acetylglycine,HMDB0000532,10972,40410,NA,5517,CC(=O)NCC(O)=O,NA
Aconitate,Aconitate,cis-Aconitic acid,HMDB0000072,643757,32805,C00417,5130,OC(=O)C\C(=C\C(O)=O)C(O)=O,cis-Aconitate
Adenine,Adenine,Adenine,HMDB0000034,190,16708,C00147,85,NC1=C2NC=NC2=NC=N1,Adenine
"Adenosine 2',3'-cyclic phosphate","Adenosine 2',3'-cyclic phosphate","Adenosine 2',3'-cyclic phosphate",HMDB0011616,441483,27520,C02353,NA,NC1=NC=NC2=C1N=CN2C1OC(CO)C2OP(O)(=O)OC12,"2',3'-Cyclic AMP"
Adenosine monophosphate,Adenosine monophosphate,Adenosine monophosphate,HMDB0000045,6083,16027,C00020,5111,NC1=C2N=CN([C@@H]3O[C@H](COP(O)(O)=O)[C@@H](O)[C@H]3O)C2=NC=N1,AMP
Adenosine triphosphate,Adenosine triphosphate,Adenosine triphosphate,HMDB0000538,5957,15422,C00002,5523,NC1=NC=NC2=C1N=CN2[C@@H]1O[C@H](COP(O)(=O)OP(O)(=O)OP(O)(O)=O)[C@@H](O)[C@H]1O,ATP
ADP,ADP,ADP,HMDB0001341,6022,16761,C00008,6175,NC1=NC=NC2=C1N=CN2[C@@H]1O[C@H](COP(O)(=O)OP(O)(O)=O)[C@@H](O)[C@H]1O,ADP
ADP-ribose,ADP-ribose,Adenosine diphosphate ribose,HMDB0001178,192,16960,C00301,6059,NC1=C2N=CN(C3OC(COP(O)(=O)OP(O)(=O)OCC4OC(O)C(O)C4O)C(O)C3O)C2=NC=N1,ADP-ribose
Allantoin,Allantoin,Allantoin,HMDB0000462,204,15676,C02350,89,NC(=O)NC1NC(=O)NC1=O,(S)-Allantoin
Aminoadipic acid,Aminoadipic acid,Aminoadipic acid,HMDB0000510,92136,37023,C00956,5496,N[C@@H](CCCC(O)=O)C(O)=O,L-2-Aminoadipate
5-Aminolevulinic acid,5-Aminolevulinic acid,5-Aminolevulinic acid,HMDB0001149,137,17549,C00430,6037,NCC(=O)CCC(O)=O,5-Aminolevulinate
Anserine,Anserine,Anserine,HMDB0000194,112072,18323,C01262,5209,CN1C=NC=C1C[C@H](NC(=O)CCN)C(O)=O,beta-Alanyl-N(pi)-methyl-L-histidine
Bilirubin,Bilirubin,Bilirubin,HMDB0000054,5280352,16990,C00486,81,CC1=C(C=C)\C(NC1=O)=C\C1=C(C)C(CCC(O)=O)=C(CC2=C(CCC(O)=O)C(C)=C(N2)\C=C2/NC(=O)C(C=C)=C2C)N1,Bilirubin
Biotin,Biotin,Biotin,HMDB0000030,171548,15956,C00120,243,[H][C@]12CS[C@@H](CCCCC(O)=O)[C@@]1([H])NC(=O)N2,Biotin
Butyryl carnitine C4,Butyrylcarnitine,Butyrylcarnitine,HMDB0002013,213144,21949,C02862,6436,CCCC(=O)O[C@H](CC([O-])=O)C[N+](C)(C)C,O-Butanoylcarnitine
C14:1(Myristoleic acid),Myristoleic acid,Myristoleic acid,HMDB0002000,5281119,27781,C08322,6424,CCCC\C=C/CCCCCCCC(O)=O,Myristoleic acid
C14:2,C14:2,NA,NA,NA,NA,NA,NA,NA,NA
C15:1,Pentadecenoic Acid,Pentadecenoic acid,HMDB0302623,53887649,NA,NA,NA,CCCCCCCCCCCCC=CC(O)=O,NA
C15:2,C15:2,NA,NA,NA,NA,NA,NA,NA,NA
C16 Sphingomyelin (d18:1/16:0),SM(d18:1/16:0),SM(d18:1/16:0),HMDB0010169,9939941,78646,C00550,NA,[H][C@@](COP([O-])(=O)OCC[N+](C)(C)C)(NC(=O)CCCCCCCCCCCCCCC)[C@H](O)\C=C\CCCCCCCCCCCCC,Sphingomyelin
C16:0(Palmitic acid),Palmitic acid,Palmitic acid,HMDB0000220,985,15756,C00249,187,CCCCCCCCCCCCCCCC(O)=O,Hexadecanoic acid
C16:1(Palmitoleic acid),Palmitoleic acid,Palmitoleic acid,HMDB0003229,445638,28716,C08362,188,CCCCCC\C=C/CCCCCCCC(O)=O,(9Z)-Hexadecenoic acid
C16:2,Hexadecadienoic Acid,Hexadecadienoic acid,HMDB0302694,185666,NA,NA,NA,CCCCCCCCCCCC=CC=CC(O)=O,NA
C17 Sphingomyelin (d18:1/17:0),SM(d18:1/17:0),SM(d18:1/17:0),HMDB0240609,46891763,84488,NA,NA,[H][C@@](COP([O-])(=O)OCC[N+](C)(C)C)(NC(=O)CCCCCCCCCCCCCCCC)[C@H](O)\C=C\CCCCCCCCCCCCC,NA
C17:1,Heptadecenoic Acid,Heptadecenoic acid,NA,NA,NA,NA,NA,NA,NA
C17:2,C17:2,NA,NA,NA,NA,NA,NA,NA,NA
C18 Sphingomyelin (d18:1/18:0),SM(d18:1/18:0),SM(d18:1/18:0),HMDB0001348,6453725,83358,C00550,176,[H][C@@](COP([O-])(=O)OCC[N+](C)(C)C)(NC(=O)CCCCCCCCCCCCCCCCC)[C@H](O)\C=C\CCCCCCCCCCCCC,Sphingomyelin
C18:1(Oleic acid),Oleic acid,Oleic acid,HMDB0000207,445639,16196,C00712,190,CCCCCCCC\C=C/CCCCCCCC(O)=O,(9Z)-Octadecenoic acid
C18:3,Linolenic Acid,alpha-Linolenic acid,HMDB0001388,5280934,27432,C06427,6208,CC\C=C/C\C=C/C\C=C/CCCCCCCC(O)=O,"(9Z,12Z,15Z)-Octadecatrienoic acid"
C18:4,Stearidonic Acid,Stearidonic acid,HMDB0006547,5312508,32389,C16300,NA,CC\C=C/C\C=C/C\C=C/C\C=C/CCCCC(O)=O,Stearidonic acid
C19:1,Nonadecenoic acid,Nonadecenoic acid,HMDB0302287,53925385,NA,NA,NA,CCCCCCCCCCCCCCCCC=CC(O)=O,NA
C19:2,C19:2,NA,NA,NA,NA,NA,NA,NA,NA
C19:3,C19:3,NA,NA,NA,NA,NA,NA,NA,NA
C20:1,Paullinic acid,Paullinic acid,HMDB0035159,5312518,134479,NA,NA,CCCCCC\C=C/CCCCCCCCCCCC(O)=O,NA
C20:2,Eicosadienoic Acid,Eicosadienoic acid,HMDB0005060,6439848,73731,C16525,NA,CCCCC\C=C/C\C=C/CCCCCCCCCC(O)=O,Icosadienoic acid
C20:3,Mead acid,"5,8,11-Eicosatrienoic acid",HMDB0010378,5312531,72865,NA,NA,CCCCCCCC\C=C/C\C=C/C\C=C/CCCC(O)=O,NA
C20:4(Arachidonic acid),Arachidonic acid,Arachidonic acid,HMDB0001043,444899,15843,C00219,193,CCCCC\C=C/C\C=C/C\C=C/C\C=C/CCCC(O)=O,Arachidonate
C22:1(Erucic acid),Erucic acid,Erucic acid,HMDB0002068,5281116,28792,C08316,6470,CCCCCCCC\C=C/CCCCCCCCCCCC(O)=O,Erucic acid
C22:2,Docosadienoic Acid,Docosadienoic acid,HMDB0251556,53741802,NA,NA,NA,CCCCCCCCCCCCCCCCCC=CC=CC(O)=O,NA
C22:3,Docosatrienoic acid,Docosatrienoic acid,HMDB0002823,5312557,77807,NA,195,CC\C=C/C\C=C/C\C=C/CCCCCCCCCCCC(O)=O,NA
C22:4,Docosatetraenoic acid,Docosatetraenoic acid,NA,NA,NA,NA,NA,NA,NA
C22:5,Docosapentaenoic acid,Docosapentaenoic acid (22n-6),HMDB0001976,6441454,65136,NA,6412,CCCCC\C=C/C\C=C/C\C=C/C\C=C/C\C=C/CCC(O)=O,NA
C22:6(Docosahexaenoic acid),Docosahexaenoic acid,Docosahexaenoic acid,HMDB0002183,445580,28125,C06429,3457,CC\C=C/C\C=C/C\C=C/C\C=C/C\C=C/C\C=C/CCC(O)=O,"(4Z,7Z,10Z,13Z,16Z,19Z)-Docosahexaenoic acid"
C23:1,Tricosenoic acid,Tricosenoic acid,NA,NA,NA,NA,NA,NA,NA
C24:1,Tetracosenoic Acid,(E)-2-Tetracosenoic acid,HMDB0029799,6440260,NA,NA,NA,CCCCCCCCCCCCCCCCCCCCC\C=C\C(O)=O,NA
C24:2,Tetracosadienoic acid,Tetracosadienoic acid,NA,NA,NA,NA,NA,NA,NA
C24:3,Tetracosatrienoic acid,Tetracosatrienoic acid,NA,NA,NA,NA,NA,NA,NA
C24:4,Tetracosatetraenoic acid,Tetracosatetraenoic acid (24:4n-6),HMDB0006246,52921800,77526,NA,NA,CCCCC\C=C/C\C=C/C\C=C/C\C=C/CCCCCCCC(O)=O,NA
C24:5,Tetracosapentaenoic acid,Tetracosapentaenoic acid,NA,NA,NA,NA,NA,NA,NA
C24:6,Nisinic acid,Tetracosahexaenoic acid,HMDB0002007,11792612,77366,NA,6430,CC\C=C/C\C=C/C\C=C/C\C=C/C\C=C/C\C=C/CCCCC(O)=O,NA
C26:5,Hexacosapentaenoic acid,Hexacosapentaenoic acid,NA,NA,NA,NA,NA,NA,NA
C26:6,Hexacosahexaenoic acid,Hexacosahexaenoic acid,NA,NA,NA,NA,NA,NA,NA
Capryloylglycine,Capryloylglycine,Capryloylglycine,HMDB0000832,84290,74099,NA,5795,CCCCCCCC(=O)NCC(O)=O,NA
Carnosine,Carnosine,Carnosine,HMDB0000033,439224,15727,C00386,38,NCCC(=O)N[C@@H](CC1=CN=CN1)C(O)=O,Carnosine
CDP-Ethanolamine,CDP-Ethanolamine,CDP-ethanolamine,HMDB0001564,123727,16732,C00570,3538,NCCOP(O)(=O)OP(O)(=O)OC[C@H]1O[C@H]([C@H](O)[C@@H]1O)N1C=CC(N)=NC1=O,CDP-ethanolamine
Citraconic acid,Citraconic acid,Citraconic acid,HMDB0000634,643798,17626,C02226,5607,C\C(=C\C(O)=O)C(O)=O,2-Methylmaleate
Citric acid,Citric acid,Citric acid,HMDB0000094,311,30769,C00158,124,OC(=O)CC(O)(CC(O)=O)C(O)=O,Citrate
Citrulline,Citrulline,Citrulline,HMDB0000904,9750,16349,C00327,16,N[C@@H](CCCNC(N)=O)C(O)=O,L-Citrulline
Creatine,Creatine,Creatine,HMDB0000064,586,16919,C00300,7,CN(CC(O)=O)C(N)=N,Creatine
Cysteineglutathione disulfide,Cysteineglutathione disulfide,Cysteineglutathione disulfide,HMDB0000656,53477713,143243,NA,5628,N[C@@H](CCC(=O)N[C@@H](CSSCC(N)C(O)=O)C(=O)NCC(O)=O)C(O)=O,NA
Cysteinylglycine,Cysteinylglycine,Cysteinylglycine,HMDB0000078,439498,4047,C01419,5134,N[C@@H](CS)C(=O)NCC(O)=O,Cys-Gly
Cytidine,Cytidine,Cytidine,HMDB0000089,6175,17562,C00475,3376,NC1=NC(=O)N(C=C1)[C@@H]1O[C@H](CO)[C@@H](O)[C@H]1O,Cytidine
Cytidine monophosphate,Cytidine monophosphate,Cytidine monophosphate,HMDB0000095,6131,17361,C00055,5143,NC1=NC(=O)N(C=C1)[C@@H]1O[C@H](COP(O)(O)=O)[C@@H](O)[C@H]1O,CMP
D-Erythrose 4-phosphate,D-Erythrose 4-phosphate,D-Erythrose 4-phosphate,HMDB0001321,122357,48153,C00279,6158,O[C@H](COP(O)(O)=O)[C@@H](O)C=O,D-Erythrose 4-phosphate
D-Glucose,D-Glucose,D-Glucose,HMDB0000122,5793,15903,C00031,133,OC[C@H]1O[C@@H](O)[C@H](O)[C@@H](O)[C@@H]1O,D-Glucose
D-Ribose 5-phosphate,D-Ribose 5-phosphate,D-Ribose 5-phosphate,HMDB0001548,440101,18189,C00117,6315,O[C@H]1O[C@H](COP(O)(O)=O)[C@@H](O)[C@H]1O,D-Ribose 5-phosphate
Decadienoyl carnitine C10:2,Decadienoylcarnitine,NA,NA,NA,NA,NA,NA,NA,NA
Decanoyl carnitine C10,Decanoylcarnitine,Decanoylcarnitine,HMDB0000651,11953821,28717,C03299,5623,CCCCCCCCCC(=O)O[C@H](CC([O-])=O)C[N+](C)(C)C,O-Decanoyl-L-carnitine
Decenoyl carnitine C10:1,Decenoylcarnitine,Decenoylcarnitine,HMDB0250918,129628702,NA,NA,NA,CCCCCCCC=CC(=O)C(O)(CC([O-])=O)C[N+](C)(C)C,NA
Dehydroascorbic acid,Dehydroascorbic acid,Dehydroascorbic acid,HMDB0001264,440667,27956,C05422,342,[H][C@@]1(OC(=O)C(=O)C1=O)[C@@H](O)CO,Dehydroascorbate
Deoxycytidine,Deoxycytidine,Deoxycytidine,HMDB0000014,13711,15698,C00881,3367,NC1=NC(=O)N(C=C1)[C@H]1C[C@H](O)[C@@H](CO)O1,Deoxycytidine
Deoxyhexose phosphate,Deoxyhexose phosphate,NA,NA,NA,NA,NA,NA,NA,NA
Deoxyuridine,Deoxyuridine,Deoxyuridine,HMDB0000012,13712,16450,C00526,5086,OC[C@H]1O[C@H](C[C@@H]1O)N1C=CC(=O)NC1=O,Deoxyuridine
Dimethylmalonic acid,Dimethylmalonic acid,Dimethylmalonic acid,HMDB0002001,11686,111517,NA,6425,CC(C)(C(O)=O)C(O)=O,NA
Dodecanoylcarnitine,Dodecanoylcarnitine,Dodecanoylcarnitine,HMDB0002250,168381,77086,NA,6573,CCCCCCCCCCCC(=O)O[C@H](CC(O)=O)C[N+](C)(C)C,NA
"Fructose 1,6-bisphosphate","Fructose 1,6-bisphosphate","Fructose 1,6-bisphosphate",HMDB0001058,10267,28013,C00354,147,O[C@H]1[C@H](O)[C@@](O)(COP(O)(O)=O)O[C@@H]1COP(O)(O)=O,"D-Fructose 1,6-bisphosphate"
Fumaric acid,Fumaric acid,Fumaric acid,HMDB0000134,444972,18012,C00122,3242,OC(=O)\C=C\C(O)=O,Fumarate
Glutarylcarnitine,Glutarylcarnitine,Glutarylcarnitine,HMDB0013130,53481699,82952,NA,NA,C[N+](C)(C)C[C@@H](CC(O)=O)OC(=O)CCCC(O)=O,NA
Glutathione,Glutathione,Glutathione,HMDB0000125,124886,16856,C00051,44,N[C@@H](CCC(=O)N[C@@H](CS)C(=O)NCC(O)=O)C(O)=O,Glutathione
Glyceric acid,Glyceric acid,Glyceric acid,HMDB0000139,439194,32398,C00258,280,OC[C@@H](O)C(O)=O,D-Glycerate
Glycerol-CH3COO,Glycerol acetate,NA,NA,NA,NA,NA,NA,NA,NA
Glycerol 3-phosphate,Glycerol 3-phosphate,Glycerol 3-phosphate,HMDB0000126,439162,15978,C00093,5161,OC[C@@H](O)COP(O)(O)=O,sn-Glycerol 3-phosphate
Glycerophosphocholine,Glycerophosphocholine,Glycerophosphocholine,HMDB0000086,657272,16870,C00670,370,C[N+](C)(C)CCOP([O-])(=O)OC[C@H](O)CO,sn-Glycero-3-phosphocholine
Glycine,Glycine,Glycine,HMDB0000123,750,15428,C00037,20,NCC(O)=O,Glycine
Glycocholic acid,Glycocholic acid,Glycocholic acid,HMDB0000138,10140,17687,C01921,5169,C[C@H](CCC(O)=NCC(O)=O)[C@H]1CC[C@H]2[C@@H]3[C@H](O)C[C@@H]4C[C@H](O)CC[C@]4(C)[C@H]3C[C@H](O)[C@]12C,Glycocholate
Glycolic acid,Glycolic acid,Glycolic acid,HMDB0000115,757,17497,C03547,3219,OCC(O)=O,omega-Hydroxy fatty acid
Guanine,Guanine,Guanine,HMDB0000132,764,16235,C00242,315,NC1=NC(=O)C2=C(N1)N=CN2,Guanine
Guanosine,Guanosine,Guanosine,HMDB0000133,6802,16750,C00387,87,NC1=NC2=C(N=CN2[C@@H]2O[C@H](CO)[C@@H](O)[C@H]2O)C(=O)N1,Guanosine
Guanosine diphosphate,Guanosine diphosphate,Guanosine diphosphate,HMDB0001201,8977,17552,C00035,6077,NC1=NC2=C(N=CN2[C@@H]2O[C@H](COP(O)(=O)OP(O)(O)=O)[C@@H](O)[C@H]2O)C(=O)N1,GDP
Guanosine monophosphate,Guanosine monophosphate,Guanosine monophosphate,HMDB0001397,6804,17345,C00144,6216,NC1=NC2=C(N=CN2[C@@H]2O[C@H](COP(O)(O)=O)[C@@H](O)[C@H]2O)C(=O)N1,GMP
Hexadecadienoyl carnitine C16:2,Hexadecadienoylcarnitine,NA,NA,NA,NA,NA,NA,NA,NA
Hexadecenoyl carnitine C16:1,Hexadecenoylcarnitine,Hexadecenoylcarnitine,HMDB0253127,129691705,NA,NA,NA,CCCCCCCCCCCCCC=CC(=O)C(O)(CC([O-])=O)C[N+](C)(C)C,NA
Hexanoyl carnitine C6,Hexanoylcarnitine,Hexanoylcarnitine,HMDB0000756,3246938,84834,NA,3548,CCCCCC(=O)O[C@H](CC(O)=O)C[N+](C)(C)C,NA
Hexanoylglycine,Hexanoylglycine,Hexanoylglycine,HMDB0000701,99463,64390,NA,5669,CCCCCC(=O)NCC(O)=O,NA
Hexose phosphate,Hexose monophosphate,NA,NA,NA,NA,NA,NA,NA,NA
Homocarnosine,Homocarnosine,Homocarnosine,HMDB0000745,10243361,85981,C00884,270,NCCCC(=O)N[C@@H](CC1=CNC=N1)C(O)=O,Homocarnosine
Hydroquinone,Hydroquinone,Hydroquinone,HMDB0002434,785,17594,C00530,6681,OC1=CC=C(O)C=C1,Hydroquinone
Hydroxyoctanoic acid,Hydroxyoctanoic acid,Hydroxyoctanoic acid,HMDB0000711,94180,86543,NA,5679,CCCCCCC(O)C(O)=O,NA
Hydroxypyruvic acid,Hydroxypyruvic acid,Hydroxypyruvic acid,HMDB0001352,964,30841,C00168,482,OCC(=O)C(O)=O,Hydroxypyruvate
Hypoxanthine,Hypoxanthine,Hypoxanthine,HMDB0000157,790,17368,C00262,83,OC1=NC=NC2=C1NC=N2,Hypoxanthine
Indolelactic acid,Indolelactic acid,Indolelactic acid,HMDB0000671,676157,24813,C02043,5641,O[C@@H](CC1=CNC2=C1C=CC=C2)C(O)=O,Indolelactate
Indoxyl sulfate,Indoxyl sulfate,Indoxyl sulfate,HMDB0000682,10258,43355,NA,524,OS(=O)(=O)OC1=CNC2=CC=CC=C12,NA
Inosine,Inosine,Inosine,HMDB0000195,6021,17596,C00294,84,OC[C@H]1O[C@H]([C@H](O)[C@@H]1O)N1C=NC2=C(O)N=CN=C12,Inosine
Inosinic acid,Inosinic acid,Inosinic acid,HMDB0000175,8582,17202,C00130,5196,O[C@@H]1[C@@H](COP(O)(O)=O)O[C@H]([C@@H]1O)N1C=NC2=C1N=CNC2=O,IMP
Isovaleryl carnitine C5,Isovalerylcarnitine,Isovalerylcarnitine,HMDB0000688,6426851,73025,NA,5657,CC(C)CC(=O)OC(CC([O-])=O)C[N+](C)(C)C,NA
L-Acetylcarnitine,L-Acetylcarnitine,L-Acetylcarnitine,HMDB0000201,7045767,57589,C02571,5213,CC(=O)O[C@H](CC(O)=O)C[N+](C)(C)C,O-Acetylcarnitine
L-Arginine,L-Arginine,L-Arginine,HMDB0000517,6322,16467,C00062,5502,N[C@@H](CCCNC(N)=N)C(O)=O,L-Arginine
L-Asparagine,L-Asparagine,L-Asparagine,HMDB0000168,6267,17196,C00152,14,N[C@@H](CC(N)=O)C(O)=O,L-Asparagine
L-Aspartic acid,L-Aspartic acid,L-Aspartic acid,HMDB0000191,5960,17053,C00049,5206,N[C@@H](CC(O)=O)C(O)=O,L-Aspartate
L-Carnitine,L-Carnitine,L-Carnitine,HMDB0000062,10917,16347,C00487,52,C[N+](C)(C)C[C@H](O)CC(O)=O,Carnitine
L-Cystathionine,L-Cystathionine,L-Cystathionine,HMDB0000099,439258,17482,C02291,39,N[C@@H](CCSC[C@H](N)C(O)=O)C(O)=O,L-Cystathionine
L-Glutamic acid,L-Glutamic acid,Glutamic acid,HMDB0000148,33032,16015,C00025,5174,N[C@@H](CCC(O)=O)C(O)=O,L-Glutamate
L-Glutamine,L-Glutamine,Glutamine,HMDB0000641,5961,18050,C00064,5614,N[C@@H](CCC(N)=O)C(O)=O,L-Glutamine
L-Isoleucine,L-Isoleucine,Isoleucine,HMDB0000172,6306,17191,C00407,5193,CC[C@H](C)[C@H](N)C(O)=O,L-Isoleucine
L-Kynurenine,L-Kynurenine,Kynurenine,HMDB0000684,161166,16946,C00328,72,N[C@@H](CC(=O)C1=CC=CC=C1N)C(O)=O,L-Kynurenine
L-Lactic acid,L-Lactic acid,Lactic acid,HMDB0000190,107689,422,C00186,5205,C[C@H](O)C(O)=O,(S)-Lactate
L-Leucine,L-Leucine,Leucine,HMDB0000687,6106,15603,C00123,24,CC(C)C[C@H](N)C(O)=O,L-Leucine
L-Lysine,L-Lysine,Lysine,HMDB0000182,5962,18019,C00047,5200,NCCCC[C@H](N)C(O)=O,L-Lysine
L-Malic acid,L-Malic acid,Malic acid,HMDB0000156,222656,30797,C00149,NA,O[C@@H](CC(O)=O)C(O)=O,(S)-Malate
L-Methionine,L-Methionine,Methionine,HMDB0000696,6137,16643,C00073,5664,CSCC[C@H](N)C(O)=O,L-Methionine
L-Phenylalanine,L-Phenylalanine,Phenylalanine,HMDB0000159,6140,17295,C00079,28,N[C@@H](CC1=CC=CC=C1)C(O)=O,L-Phenylalanine
L-Proline,L-Proline,Proline,HMDB0000162,145742,17203,C00148,29,OC(=O)[C@@H]1CCCN1,L-Proline
L-Serine,L-Serine,Serine,HMDB0000187,5951,17115,C00065,5203,N[C@@H](CO)C(O)=O,L-Serine
L-Threonine,L-Threonine,L-Threonine,HMDB0000167,6288,16857,C00188,32,C[C@@H](O)[C@H](N)C(O)=O,L-Threonine
L-Tryptophan,L-Tryptophan,L-Tryptophan,HMDB0000929,6305,16828,C00078,5879,N[C@@H](CC1=CNC2=C1C=CC=C2)C(O)=O,L-Tryptophan
L-Tyrosine,L-Tyrosine,L-Tyrosine,HMDB0000158,6057,17895,C00082,34,N[C@@H](CC1=CC=C(O)C=C1)C(O)=O,L-Tyrosine
L-Valine,L-Valine,L-Valine,HMDB0000883,6287,16414,C00183,5842,CC(C)[C@H](N)C(O)=O,L-Valine
Linoleoyl carnitine C18:2,Linoleoylcarnitine,Linoleyl carnitine,HMDB0006469,6450015,84098,NA,NA,CCCCC\C=C/C\C=C/CCCCCCCC(=O)O[C@H](CC(O)=O)C[N+](C)(C)C,NA
Methyl beta-D-glucopyranoside,Methyl beta-D-glucopyranoside,Methyl beta-D-glucopyranoside,HMDB0029965,445238,320055,NA,NA,CO[C@@H]1O[C@H](CO)[C@@H](O)[C@H](O)[C@H]1O,NA
myo-Inositol,myo-Inositol,myo-Inositol,HMDB0000211,NA,17268,C00137,5221,O[C@H]1[C@H](O)[C@@H](O)[C@H](O)[C@H](O)[C@@H]1O,myo-Inositol
Myristoyl carnitine C14,Myristoylcarnitine,Myristoylcarnitine,HMDB0254979,6426854,73061,NA,NA,CCCCCCCCCCCCCC(=O)OC(CC([O-])=O)C[N+](C)(C)C,NA
N-a-Acetyl-L-arginine,N-a-Acetyl-L-arginine,N-a-Acetyl-L-arginine,HMDB0004620,67427,40521,NA,NA,CC(=O)N[C@@H](CCCNC(N)=N)C(O)=O,NA
N-Acetyl-L-methionine,N-Acetyl-L-methionine,N-Acetyl-L-methionine,HMDB0011745,448580,21557,C02712,NA,CSCC[C@H](NC(C)=O)C(O)=O,N-Acetylmethionine
N-acetyl taurine,N-Acetyltaurine,N-Acetyltaurine,HMDB0240253,159864,84415,NA,NA,CC(=O)NCCS(O)(=O)=O,NA
N-Acetylasparagine,N-Acetylasparagine,N-Acetylasparagine,HMDB0006028,99715,NA,NA,NA,CC(=O)N[C@@H](CC(N)=O)C(O)=O,NA
N-acetylaspartylglutamic acid (NAAG),N-Acetylaspartylglutamic acid,N-Acetylaspartylglutamic acid,HMDB0001067,188803,73688,C12270,NA,CC(=O)N[C@@H](CC(O)=O)C(=O)N[C@@H](CCC(O)=O)C(O)=O,N-Acetylaspartylglutamate
N-Acetylglutamine,N-Acetylglutamine,N-Acetylglutamine,HMDB0006029,182230,21553,NA,NA,CC(=O)N[C@@H](CCC(N)=O)C(O)=O,NA
N-Acetylneuraminic acid,N-Acetylneuraminic acid,N-Acetylneuraminic acid,HMDB0000230,445063,45744,C19910,3321,[H][C@]1(O[C@@](O)(C[C@H](O)[C@H]1NC(C)=O)C(O)=O)[C@H](O)[C@H](O)CO,N-Acetyl-beta-neuraminate
N-Alpha-acetyllysine,N-Alpha-acetyllysine,N-alpha-Acetyl-L-lysine,HMDB0000446,92907,35704,C12989,5435,CC(=O)N[C@@H](CCCCN)C(O)=O,N2-Acetyl-L-lysine
N-arachidonoyl taurine,N-arachidonoyl taurine,N-arachidonoyl taurine,NA,42607331,132506,NA,NA,CCCCC/C=C\C/C=C\C/C=C\C/C=C\CCCC(=O)NCCS(=O)(=O)O,NA
N-docosanoyl taurine,N-docosanoyl taurine,N-docosanoyl taurine,NA,42607333,NA,NA,NA,CCCCCCCCCCCCCCCCCCCCCC(=O)NCCS(=O)(=O)O,NA
N-Formyl-L-methionine,N-Formyl-L-methionine,N-Formyl-L-methionine,HMDB0001015,439750,16552,C03145,5945,CSCC[C@H](NC=O)C(O)=O,N-Formylmethionine
N-glutamyl taurine (glutaurine),Glutaurine,5-L-Glutamyl-taurine,HMDB0004195,68759,27694,C05844,NA,N[C@@H](CCC(=O)NCCS(O)(=O)=O)C(O)=O,5-L-Glutamyl-taurine
N-linoleoyl taurine,N-linoleoyl taurine,N-linoleoyl taurine,NA,52922081,NA,NA,NA,CCCCC/C=C\C/C=C\CCCCCCCC(=O)NCCS(=O)(=O)O,NA
N-Methyl-D-aspartic acid,N-Methyl-D-aspartic acid,N-Methyl-D-aspartic acid,HMDB0002393,22880,31882,C12269,6662,CN[C@H](CC(O)=O)C(O)=O,N-Methyl-D-aspartic acid
N-nervonoyl taurine,N-nervonoyl taurine,N-nervonoyl taurine,NA,71684549,146294,NA,NA,CCCCCCCC/C=C\CCCCCCCCCCCCCC(=O)NCCS(=O)(=O)O,NA
N-oleoyl taurine,N-oleoyl taurine,Oleoyltaurine,HMDB0242113,6437033,146206,NA,NA,[H]\C(CCCCCCCC)=C(/[H])CCCCCCCC(O)=NCCS(O)(=O)=O,NA
N-palmitoyl taurine,N-palmitoyl taurine,N-Palmitoyltaurine,HMDB0240594,14504290,132477,NA,NA,CCCCCCCCCCCCCCCC(=O)NCCS(O)(=O)=O,NA
N-Propionylglycine,N-Propionylglycine,Propionylglycine,HMDB0000783,98681,89836,NA,5749,CCC(=O)NCC(O)=O,NA
N-stearoyl taurine,N-stearoyl taurine,N-Stearoyltaurine,HMDB0240595,168274,132479,NA,NA,CCCCCCCCCCCCCCCCCC(=O)NCCS(O)(=O)=O,NA
NAD,NAD,NAD,HMDB0000902,5892,44215,C00003,5858,NC(=O)C1=C[N+](=CC=C1)[C@@H]1O[C@H](COP([O-])(=O)OP(O)(=O)OC[C@H]2O[C@H]([C@H](O)[C@@H]2O)N2C=NC3=C2N=CN=C3N)[C@@H](O)[C@H]1O,NAD+
NADH,NADH,NADH,HMDB0001487,439153,16908,C00004,3687,NC(=O)C1=CN(C=CC1)[C@@H]1O[C@H](COP(O)(=O)OP(O)(=O)OC[C@H]2O[C@H]([C@H](O)[C@@H]2O)N2C=NC3=C2N=CN=C3N)[C@@H](O)[C@H]1O,NADH
NADP,NADP,NADP,HMDB0000217,5885,44409,C00006,5227,NC(=O)C1=C[N+](=CC=C1)[C@@H]1O[C@H](COP([O-])(=O)OP(O)(=O)OC[C@H]2O[C@H]([C@H](OP(O)(O)=O)[C@@H]2O)N2C=NC3=C2N=CN=C3N)[C@@H](O)[C@H]1O,NADP+
Niacinamide,Niacinamide,Niacinamide,HMDB0001406,936,17154,C00153,1497,NC(=O)C1=CC=CN=C1,Nicotinamide
O-Phosphoethanolamine,O-Phosphoethanolamine,O-Phosphoethanolamine,HMDB0000224,1015,17553,C00346,5233,NCCOP(O)(O)=O,Ethanolamine phosphate
Octanoyl carnitine C8,Octanoylcarnitine,Octanoylcarnitine,HMDB0000791,11953814,18102,C02838,NA,CCCCCCCC(=O)O[C@H](CC(O)=O)C[N+](C)(C)C,L-Octanoylcarnitine
Octenoyl carnitine C8:1,Octenoylcarnitine,NA,NA,NA,NA,NA,NA,NA,NA
Oleoyl ethanolamide,Oleoyl ethanolamide,Oleoylethanolamide,HMDB0002088,5283454,71466,NA,NA,CCCCCCCC\C=C/CCCCCCCC(=O)NCCO,NA
Oleyl carnitine C18:1,Oleylcarnitine,NA,NA,NA,NA,NA,NA,NA,NA
Oxalic acid,Oxalic acid,Oxalic acid,HMDB0002329,971,16995,C00209,113,OC(=O)C(O)=O,Oxalate
Oxidized glutathione,Oxidized glutathione,Oxidized glutathione,HMDB0003337,65359,17858,C00127,6893,N[C@@H](CCC(=O)N[C@@H](CSSC[C@H](NC(=O)CC[C@H](N)C(O)=O)C(=O)NCC(O)=O)C(=O)NCC(O)=O)C(O)=O,Glutathione disulfide
Oxoglutaric acid,Oxoglutaric acid,Oxoglutaric acid,HMDB0000208,51,30915,C00026,5218,OC(=O)CCC(=O)C(O)=O,2-Oxoglutarate
Pantothenic acid,Pantothenic acid,Pantothenic acid,HMDB0000210,6613,46905,C00864,NA,CC(C)(CO)[C@@H](O)C(=O)NCCC(O)=O,Pantothenate
Pentadecanoyl carnitine C15:0,Pentadecanoylcarnitine,Pentadecanoylcarnitine,HMDB0062517,123132011,131886,NA,NA,CCCCCCCCCCCCCCC(=O)OC(CC([O-])=O)C[N+](C)(C)C,NA
Phenylpropionylglycine,Phenylpropionylglycine,Phenylpropionylglycine,HMDB0000860,152323,266653,NA,5823,OC(=O)CNC(=O)CCC1=CC=CC=C1,NA
Phosphocreatine,Phosphocreatine,Phosphocreatine,HMDB0001511,587,17287,C02305,6288,CN(CC(O)=O)C(=N)NP(O)(O)=O,Phosphocreatine
Pyruvic acid,Pyruvic acid,Pyruvic acid,HMDB0000243,1060,32816,C00022,117,CC(=O)C(O)=O,Pyruvate
Ribitol,Ribitol,Ribitol,HMDB0000508,NA,15963,C00474,316,OC[C@H](O)[C@H](O)[C@H](O)CO,Ribitol
Riboflavin,Riboflavin,Riboflavin,HMDB0000244,493570,17015,C00255,5249,CC1=C(C)C=C2N(C[C@H](O)[C@H](O)[C@H](O)CO)C3=NC(=O)NC(=O)C3=NC2=C1,Riboflavin
Saccharopine,Saccharopine,Saccharopine,HMDB0000279,160556,16927,C00449,383,N[C@@H](CCCCN[C@@H](CCC(O)=O)C(O)=O)C(O)=O,"N6-(L-1,3-Dicarboxypropyl)-L-lysine"
Sarcosine,Sarcosine,Sarcosine,HMDB0000271,1088,15611,C00213,51,CNCC(O)=O,Sarcosine
sphingosine (d18:1-P),Sphingosine 1-Phosphate,Sphingosine 1-phosphate,HMDB0000277,5283560,37550,C06124,5272,CCCCCCCCCCCCC\C=C\[C@@H](O)[C@@H](N)COP(O)(O)=O,Sphingosine 1-phosphate
sphingosine (d18:1),Sphingosine,Sphingosine,HMDB0000252,5280335,16393,C00319,392,CCCCCCCCCCCCC\C=C\[C@@H](O)[C@@H](N)CO,Sphingosine
Succinic acid,Succinic acid,Succinic acid,HMDB0000254,1110,15741,C00042,114,OC(=O)CCC(O)=O,Succinate
Taurine,Taurine,Taurine,HMDB0000251,1123,15891,C00245,31,NCCS(O)(=O)=O,Taurine
Taurocyamine (Guanidinoethyl sulfonate),Taurocyamine,Taurocyamine,HMDB0003584,68340,17228,C01959,6962,NC(N)=NCCS(O)(=O)=O,Taurocyamine
Tauroursodeoxycholic acid,Tauroursodeoxycholic acid,Tauroursodeoxycholic acid,HMDB0000874,12443252,NA,NA,5835,[H][C@@]12CC[C@H]([C@H](C)CCC(=O)NCCS(O)(=O)=O)[C@@]1(C)CC[C@@]1([H])[C@@]2([H])[C@@H](O)CC2C[C@H](O)CC[C@]12C,NA
Tetradecadienoyl carnitine C14:2,Tetradecadienoylcarnitine,NA,NA,NA,NA,NA,NA,NA,NA
Tetradecenoyl carnitine C14:1,Tetradecenoylcarnitine,Tetradecenoylcarnitine,HMDB0258884,129631631,NA,NA,NA,CCCCCCCCCCCC=CC(=O)C(O)(CC([O-])=O)C[N+](C)(C)C,NA
Thymidine,Thymidine,Thymidine,HMDB0000273,5789,17748,C00214,3375,CC1=CN([C@H]2C[C@H](O)[C@@H](CO)O2)C(=O)NC1=O,Thymidine
Thymine,Thymine,Thymine,HMDB0000262,1135,17821,C00178,290,CC1=CNC(=O)NC1=O,Thymine
Trigonelline,Trigonelline,Trigonelline,HMDB0000875,5570,18123,C01004,273,C[N+]1=CC=CC(=C1)C([O-])=O,N-Methylnicotinate
Uracil,Uracil,Uracil,HMDB0000300,1174,17568,C00106,258,O=C1NC=CC(=O)N1,Uracil
urea,urea,Urea,HMDB0000294,1176,16199,C00086,6,NC(N)=O,Urea
Uric acid,Uric acid,Uric acid,HMDB0000289,1175,17775,C00366,88,O=C1NC2=C(N1)C(=O)NC(=O)N2,Urate
Uridine,Uridine,Uridine,HMDB0000296,6029,16704,C00299,90,OC[C@H]1O[C@H]([C@H](O)[C@@H]1O)N1C=CC(=O)NC1=O,Uridine
Uridine 5'-monophosphate,Uridine 5'-monophosphate,Uridine 5'-monophosphate,HMDB0000288,6030,16695,C00105,NA,O[C@H]1[C@@H](O)[C@@H](O[C@@H]1COP(O)(O)=O)N1C=CC(=O)NC1=O,UMP
Xanthine,Xanthine,Xanthine,HMDB0000292,1188,17712,C00385,82,O=C1NC2=C(NC=N2)C(=O)N1,Xanthine
Pipecolic acid,Pipecolic acid,Pipecolic acid,HMDB0000070,849,17964,C00408,50,OC(=O)C1CCCCN1,L-Pipecolate
DL-2-Aminooctanoic acid,DL-2-Aminooctanoic acid,DL-2-Aminooctanoic acid,HMDB0000991,69522,75145,NA,5923,CCCCCCC(N)C(O)=O,NA
2-Methylbutyrylglycine,2-Methylbutyrylglycine,2-Methylbutyrylglycine,HMDB0000339,193872,86366,NA,5328,CCC(C)C(=O)NCC(O)=O,NA
3-Deoxy-d-glycero-d-galacto-2-nonulosonic Acid,3-Deoxy-d-glycero-d-galacto-2-nonulosonic Acid,3-Deoxy-D-glycero-D-galacto-2-nonulosonic acid,HMDB0000425,22833524,NA,C20934,5414,OC[C@H](O)[C@@H](O)[C@H](O)[C@H](O)[C@@H](O)CC(=O)C(O)=O,3-Deoxy-D-glycero-D-galacto-non-2-ulopyranosonate
4-Pyridoxic acid,4-Pyridoxic acid,4-Pyridoxic acid,HMDB0000017,6723,17405,C00847,239,CC1=NC=C(CO)C(C(O)=O)=C1O,4-Pyridoxate
Acetoacetic acid,Acetoacetic acid,Acetoacetic acid,HMDB0000060,96,15344,C00164,276,CC(=O)CC(O)=O,Acetoacetate
Alpha-ketoisovaleric acid,Alpha-ketoisovaleric acid,alpha-Ketoisovaleric acid,HMDB0000019,49,16530,C00141,5091,CC(C)C(=O)C(O)=O,3-Methyl-2-oxobutanoic acid
Arachidoyl carnitine C20,Arachidoylcarnitine,Arachidyl carnitine,HMDB0006460,53477833,73100,NA,NA,CCCCCCCCCCCCCCCCCCCC(=O)OC(CC([O-])=O)C[N+](C)(C)C,NA
Behenoyl carnitine C22,Behenoylcarnitine,Docosanoylcarnitine,HMDB0062468,71464577,73105,NA,NA,CCCCCCCCCCCCCCCCCCCCCC(=O)OC(CC([O-])=O)C[N+](C)(C)C,NA
C11:0(Undecanoic acid),Undecanoic acid,Undecanoic acid,HMDB0000947,8180,32368,C17715,5894,CCCCCCCCCCC(O)=O,Undecanoic acid
C14:0(Myristic acid),Myristic acid,Myristic acid,HMDB0000806,11005,28875,C06424,196,CCCCCCCCCCCCCC(O)=O,Tetradecanoic acid
C15:0,C15:0,Pentadecanoic acid,HMDB0000826,13849,42504,C16537,5789,CCCCCCCCCCCCCCC(O)=O,Pentadecanoic acid
C17:0,C17:0,Heptadecanoic acid,HMDB0002259,10465,32365,NA,6578,CCCCCCCCCCCCCCCCC(O)=O,NA
C18:0(Stearic acid),Stearic acid,Stearic acid,HMDB0000827,5281,28842,C01530,189,CCCCCCCCCCCCCCCCCC(O)=O,Octadecanoic acid
C18:2(Linoleic acid),Linoleic acid,Linoleic acid,HMDB0000673,5280450,17351,C01595,191,CCCCC\C=C/C\C=C/CCCCCCCC(O)=O,Linoleate
C19:0,C19:0,Nonadecanoic acid,HMDB0000772,12591,39246,C16535,5738,CCCCCCCCCCCCCCCCCCC(O)=O,Nonadecanoic acid
C21:0,C21:0,Heneicosanoic acid,HMDB0002345,16898,39248,NA,4208,CCCCCCCCCCCCCCCCCCCCC(O)=O,NA
C21:1,C21:1,NA,NA,NA,NA,NA,NA,NA,NA
C21:2,C21:2,NA,NA,NA,NA,NA,NA,NA,NA
C21:3,C21:3,NA,NA,NA,NA,NA,NA,NA,NA
C22 Sphingomyelin (d18:1/22:0),C22 Sphingomyelin,SM(d18:1/22:0),HMDB0012103,44260125,74532,C00550,NA,CCCCCCCCCCCCCCCCCCCCCC(=O)N[C@@H](COP([O-])(=O)OCC[N+](C)(C)C)[C@H](O)\C=C\CCCCCCCCCCCCC,Sphingomyelin
C22:0(Behenic acid),Behenic acid,Behenic acid,HMDB0000944,8215,28941,C08281,260,CCCCCCCCCCCCCCCCCCCCCC(O)=O,Docosanoic acid
C23:0,Tricosanoic Acid,Tricosanoic acid,HMDB0001160,17085,42394,NA,4211,CCCCCCCCCCCCCCCCCCCCCCC(O)=O,NA
C24:0(Lignoceric acid),Lignoceric acid,Tetracosanoic acid,HMDB0002003,11197,28866,C08320,6427,CCCCCCCCCCCCCCCCCCCCCCCC(O)=O,Tetracosanoic acid
C25:0,Pentacosanoic acid,Pentacosanoic acid,HMDB0002361,10468,39420,NA,4209,CCCCCCCCCCCCCCCCCCCCCCCCC(O)=O,NA
C25:1,C25:1,NA,NA,NA,NA,NA,NA,NA,NA
C26:1,Hexacosenoic acid,Hexacosenoic acid,NA,NA,NA,NA,NA,NA,NA
C26:2,Hexacosadienoic acid,Hexacosadienoic acid,NA,NA,NA,NA,NA,NA,NA
C26:3,C26:3,NA,NA,NA,NA,NA,NA,NA,NA
C26:4,C26:4,NA,NA,NA,NA,NA,NA,NA,NA
carnitine C28:0,Octacosanoylcarnitine,Octacosanoylcarnitine,HMDB0241644,NA,NA,NA,NA,CCCCCCCCCCCCCCCCCCCCCCCCCCCC(=O)OC(CC([O-])=O)C[N+](C)(C)C,NA
CDP,CDP,CDP,HMDB0001546,6132,17239,C00112,6313,NC1=NC(=O)N(C=C1)[C@@H]1O[C@H](COP(O)(=O)OP(O)(O)=O)[C@@H](O)[C@H]1O,CDP
Cellobiose,Cellobiose,Cellobiose,HMDB0000055,10712,36217,C00185,3480,OC[C@H]1O[C@@H](O[C@H]2[C@H](O)[C@@H](O)[C@H](O)O[C@@H]2CO)[C@H](O)[C@@H](O)[C@@H]1O,Cellobiose
Cholic acid,Cholic acid,Cholic acid,HMDB0000619,221493,16359,C00695,206,C[C@H](CCC(O)=O)[C@H]1CC[C@H]2[C@@H]3[C@H](O)C[C@@H]4C[C@H](O)CC[C@]4(C)[C@H]3C[C@H](O)[C@]12C,Cholic acid
Cortisol 21-acetate,Cortisol 21-acetate,Cortisol 21-acetate,NA,5744,17609,C02821,NA,CC(=O)OCC(=O)1(O)CC23CCC4=CC(=O)CC4(C)3(O)C21C,Cortisol 21-acetate
Cytidine triphosphate,Cytidine triphosphate,Cytidine triphosphate,HMDB0000082,6176,17677,C00063,5136,NC1=NC(=O)N(C=C1)[C@@H]1O[C@H](COP(O)(=O)OP(O)(=O)OP(O)(O)=O)[C@@H](O)[C@H]1O,CTP
Deoxyinosine,Deoxyinosine,Deoxyinosine,HMDB0000071,65058,28997,C05512,3383,OC[C@H]1O[C@H](C[C@@H]1O)N1C=NC2=C1N=CNC2=O,Deoxyinosine
Dihydrobiopterin,Dihydrobiopterin,Dihydrobiopterin,HMDB0000038,119055,43029,C00268,5106,C[C@H](O)[C@H](O)C1=NC2=C(NC1)NC(N)=NC2=O,Dihydrobiopterin
Dihydrouracil,Dihydrouracil,Dihydrouracil,HMDB0000076,649,15901,C00429,285,O=C1CCNC(=O)N1,"5,6-Dihydrouracil"
Dihydroxybenzoic acid,"2,3-Dihydroxybenzoic Acid",2-Pyrocatechuic acid,HMDB0000397,19,18026,C00196,5386,OC(=O)C1=C(O)C(O)=CC=C1,"2,3-Dihydroxybenzoate"
Docosahexaenoyl glycine (C22:6),Docosahexaenoyl glycine,NA,NA,NA,NA,NA,NA,NA,NA
Galactonic acid,Galactonic acid,Galactonic acid,HMDB0000565,128869,16534,C00880,3336,OC[C@@H](O)[C@H](O)[C@H](O)[C@@H](O)C(O)=O,D-Galactonate
Galacturonic acid,Galacturonic acid,Galacturonic acid,HMDB0002545,84740,47962,C00333,6713,O[C@@H](C=O)[C@@H](O)[C@@H](O)[C@H](O)C(O)=O,D-Galacturonate
GAP/DHAP,D-Glyceraldehyde 3-phosphate,D-Glyceraldehyde 3-phosphate,NA,3418,29052,C00118,NA,NA,D-Glyceraldehyde 3-phosphate
GDP-Fucose,GDP-Fucose,GDP-fucose,HMDB0252660,451,NA,NA,NA,CC1OC(OP(O)(=O)OP(O)(=O)OCC2OC(C(O)C2O)N2C=NC3=C2NC(=N)N=C3O)C(O)C(O)C1O,NA
Gentisic acid,Gentisic acid,Gentisic acid,HMDB0000152,3469,17189,C00628,618,OC(=O)C1=C(O)C=CC(O)=C1,"2,5-Dihydroxybenzoate"
Glucosamine 6-phosphate,Glucosamine 6-phosphate,Glucosamine 6-phosphate,HMDB0001254,439217,15873,C00352,6111,N[C@H]1[C@@H](O)O[C@H](COP(O)(O)=O)[C@@H](O)[C@@H]1O,D-Glucosamine 6-phosphate
Glycylproline,Glycylproline,Glycylproline,HMDB0000721,3013625,70744,NA,5689,NCC(=O)N1CCC[C@H]1C(O)=O,NA
Guanidoacetic acid,Guanidoacetic acid,Guanidoacetic acid,HMDB0000128,763,16344,C00581,5163,NC(=N)NCC(O)=O,Guanidinoacetate
Homo-L-arginine,Homo-L-arginine,Homo-L-arginine,HMDB0000670,9085,27747,C01924,5640,N[C@@H](CCCCNC(N)=N)C(O)=O,Homoarginine
Hyodeoxycholic acid,Hyodeoxycholic acid,Hyodeoxycholic acid,HMDB0000733,9963687,NA,C15517,5701,[H][C@@]12CC[C@H]([C@H](C)CCC(O)=O)[C@@]1(C)CC[C@@]1([H])[C@@]2([H])C[C@H](O)C2C[C@H](O)CC[C@]12C,Hyodeoxycholate
Hypotaurine,Hypotaurine,Hypotaurine,HMDB0000965,107812,16668,C00519,281,NCCS(O)=O,Hypotaurine
Indole-3-carboxylic acid,Indole-3-carboxylic acid,Indole-3-carboxylic acid,HMDB0003320,69867,24809,C19837,3795,OC(=O)C1=CNC2=CC=CC=C12,Indole-3-carboxylate
Indoleacetic acid,Indoleacetic acid,Indoleacetic acid,HMDB0000197,802,16411,C00954,5211,OC(=O)CC1=CNC2=C1C=CC=C2,Indole-3-acetate
Indolepyruvate,Indolepyruvate,Indolepyruvate,HMDB0060484,803,29750,C00331,NA,OC(=O)C(=O)CC1=CNC2=C1C=CC=C2,Indolepyruvate
Isocaproic acid,Isocaproic acid,Isocaproic acid,HMDB0000689,12587,74903,NA,4191,CC(C)CCC(O)=O,NA
Ketoleucine,Ketoleucine,Ketoleucine,HMDB0000695,70,48430,C00233,5663,CC(C)CC(=O)C(O)=O,4-Methyl-2-oxopentanoate
Kynurenic acid,Kynurenic acid,Kynurenic acid,HMDB0000715,3845,18344,C01717,5683,OC(=O)C1=CC(=O)C2=CC=CC=C2N1,4-Hydroxy-2-quinolinecarboxylic acid
Lithocholic acid,Lithocholic acid,Lithocholic acid,HMDB0000761,9903,16325,C03990,209,[H][C@@]1(CC[C@@]2([H])[C@]3([H])CC[C@]4([H])C[C@H](O)CC[C@]4(C)[C@@]3([H])CC[C@]12C)[C@H](C)CCC(O)=O,Lithocholic acid
Malonic acid,Malonic acid,Malonic acid,HMDB0000691,867,30794,C00383,3237,OC(=O)CC(O)=O,Malonate
Methylcitrate,2-Methylcitric acid,2-Methylcitric acid,HMDB0000379,515,30835,C02225,5368,CC(C(O)=O)C(O)(CC(O)=O)C(O)=O,2-Methylcitrate
Mevalonic acid-5-phosphate,Phosphomevalonic acid,Phosphomevalonic acid,HMDB0256482,476,125405,NA,NA,CC(O)(CCOP(O)(O)=O)CC(O)=O,NA
N-Acetyl-D-glucosamine,N-Acetyl-D-glucosamine,N-Acetyl-D-glucosamine,HMDB0000215,439174,506227,C00140,3356,CC(=O)N[C@H]1C(O)O[C@H](CO)[C@@H](O)[C@@H]1O,N-Acetyl-D-glucosamine
N-Acetyl-L-alanine,N-Acetyl-L-alanine,N-Acetyl-L-alanine,HMDB0000766,88064,40992,NA,5733,C[C@H](NC(C)=O)C(O)=O,NA
N-Glycolylneuraminic acid,N-Glycolylneuraminic acid,N-Glycolylneuraminic acid,HMDB0000833,123802,62084,C03410,3580,OC[C@@H](O)[C@@H](O)[C@@H]1O[C@@](O)(C[C@H](O)[C@H]1NC(=O)CO)C(O)=O,N-Glycoloyl-neuraminate
"N6,N6,N6-Trimethyl-L-lysine","N6,N6,N6-Trimethyl-L-lysine","N6,N6,N6-Trimethyl-L-lysine",HMDB0001325,440120,17311,C03793,6161,C[N+](C)(C)CCCC[C@H](N)C([O-])=O,"N6,N6,N6-Trimethyl-L-lysine"
Ophthalmic acid,Ophthalmic acid,Ophthalmic acid,HMDB0005765,7018721,84058,C21016,NA,CC[C@H](NC(=O)CC[C@H](N)C(O)=O)C(=O)NCC(O)=O,Ophthalmate
Ornithine,Ornithine,Ornithine,HMDB0000214,6262,15729,C00077,27,NCCC[C@H](N)C(O)=O,L-Ornithine
Orotic acid,Orotic acid,Orotic acid,HMDB0000226,967,16742,C00295,318,OC(=O)C1=CC(=O)NC(=O)N1,Orotate
Phenylbutyric acid,Phenyl butyrate,Phenyl butyrate,HMDB0041612,20354,NA,NA,NA,CCCC(=O)OC1=CC=CC=C1,NA
Phosphorylcholine,Phosphorylcholine,Phosphorylcholine,HMDB0001565,1014,18132,C00588,6326,C[N+](C)(C)CCOP(O)(O)=O,Choline phosphate
Propionyl carnitine C3,Propionylcarnitine,Propionylcarnitine,HMDB0000824,188824,53210,C03017,5787,CCC(=O)O[C@H](CC(O)=O)C[N+](C)(C)C,O-Propanoylcarnitine
Pyroglutamic acid,Pyroglutamic acid,Pyroglutamic acid,HMDB0000267,7405,18183,C01879,3251,OC(=O)[C@@H]1CCC(=O)N1,5-Oxoproline
Ribothymidine,Ribothymidine,Ribothymidine,HMDB0000884,445408,45996,NA,5843,CC1=CN([C@@H]2O[C@H](CO)[C@@H](O)[C@H]2O)C(=O)NC1=O,NA
S-Adenosylmethionine,S-Adenosylmethionine,S-Adenosylmethionine,HMDB0001185,34756,15414,C00019,6064,C[S+](CC[C@H](N)C(O)=O)C[C@H]1O[C@H]([C@H](O)[C@@H]1O)N1C=NC2=C1N=CN=C2N,S-Adenosyl-L-methionine
Serotonin,Serotonin,Serotonin,HMDB0000259,5202,28790,C00780,74,NCCC1=CNC2=C1C=C(O)C=C2,Serotonin
Stearoyl carnitine C18,Stearoylcarnitine,Stearoylcarnitine,HMDB0000848,52922056,84644,NA,5811,CCCCCCCCCCCCCCCCCC(=O)O[C@H](CC(O)=O)C[N+](C)(C)C,NA
Sucrose,Sucrose,Sucrose,HMDB0000258,5988,17992,C00089,137,OC[C@H]1O[C@@](CO)(O[C@H]2O[C@H](CO)[C@@H](O)[C@H](O)[C@H]2O)[C@@H](O)[C@@H]1O,Sucrose
Tryptophanol,Tryptophanol,Tryptophol,HMDB0003447,10685,17890,C00955,6932,OCCC1=CNC2=C1C=CC=C2,Indole-3-ethanol
Uridine 5'-diphosphate,Uridine 5'-diphosphate,Uridine 5'-diphosphate,HMDB0000295,6031,17659,C00015,NA,O[C@H]1[C@@H](O)[C@@H](O[C@@H]1COP(O)(=O)OP(O)(O)=O)N1C=CC(=O)NC1=O,UDP
Uridine diphosphate glucose,Uridine diphosphate glucose,Uridine diphosphate glucose,HMDB0000286,8629,46229,C00029,5278,OC[C@H]1O[C@H](OP(O)(=O)OP(O)(=O)OC[C@H]2O[C@H]([C@H](O)[C@@H]2O)N2C=CC(=O)NC2=O)[C@H](O)[C@@H](O)[C@@H]1O,UDP-glucose
Uridine diphosphate glucuronic acid,Uridine diphosphate glucuronic acid,Uridine diphosphate glucuronic acid,HMDB0000935,17473,17200,C00167,5884,O[C@@H]1[C@@H](COP(O)(=O)OP(O)(=O)O[C@H]2O[C@@H]([C@@H](O)[C@H](O)[C@H]2O)C(O)=O)O[C@H]([C@@H]1O)N1C=CC(=O)NC1=O,UDP-glucuronate
Uridine triphosphate,Uridine triphosphate,Uridine triphosphate,HMDB0000285,6133,15713,C00075,5277,O[C@H]1[C@@H](O)[C@@H](O[C@@H]1COP(O)(=O)OP(O)(=O)OP(O)(O)=O)N1C=CC(=O)NC1=O,UTP
2-Ketobutyric acid,2-Ketobutyric acid,2-Ketobutyric acid,HMDB0000005,58,30831,C00109,NA,CCC(=O)C(O)=O,2-Oxobutanoate
3-Hydroxymethylglutaric acid,3-Hydroxymethylglutaric acid,3-Hydroxymethylglutaric acid,HMDB0000355,1662,16831,C03761,5344,CC(O)(CC(O)=O)CC(O)=O,3-Hydroxy-3-methylglutarate
4-Hydroxyphenylpyruvic acid,4-Hydroxyphenylpyruvic acid,4-Hydroxyphenylpyruvic acid,HMDB0000707,979,15999,C01179,5675,OC(=O)C(=O)CC1=CC=C(O)C=C1,3-(4-Hydroxyphenyl)pyruvate
Acetyl-CoA,Acetyl-CoA,Acetyl-CoA,HMDB0001206,444493,15351,C00024,6082,CC(=O)SCCNC(=O)CCNC(=O)[C@H](O)C(C)(C)COP(O)(=O)OP(O)(=O)OC[C@H]1O[C@H]([C@H](O)[C@@H]1OP(O)(O)=O)N1C=NC2=C1N=CN=C2N,Acetyl-CoA
Citramalic acid,Citramalic acid,Citramalic acid,HMDB0000426,1081,15584,C00815,5415,CC(O)(CC(O)=O)C(O)=O,Citramalate
CMP-Sialic Acid,CMP-Sialic Acid,Cytidine 5'-monophosphate-N-acetylneuraminic acid,HMDB0001176,448209,16556,C00128,6057,[H][C@]1(O[C@](C[C@H](O)[C@H]1NC(C)=O)(OP(O)(=O)OC[C@H]1O[C@H]([C@H](O)[C@@H]1O)N1C=CC(N)=NC1=O)C(O)=O)[C@H](O)[C@H](O)CO,CMP-N-acetylneuraminate
Decatrienoyl carnitine C10:3,Decatrienoylcarnitine,NA,NA,NA,NA,NA,NA,NA,NA
Glutaric acid,Glutaric acid,Glutaric acid,HMDB0000661,743,17859,C00489,3254,OC(=O)CCCC(O)=O,Glutarate
Homocitrulline,Homocitrulline,Homocitrulline,HMDB0000679,65072,17443,C02427,46,N[C@@H](CCCCNC(N)=O)C(O)=O,L-Homocitrulline
Hydroxyphenyllactic acid,Hydroxyphenyllactic acid,Hydroxyphenyllactic acid,HMDB0000755,9378,17385,C03672,5723,OC(CC1=CC=C(O)C=C1)C(O)=O,3-(4-Hydroxyphenyl)lactate
Indoleacetaldehyde,Indoleacetaldehyde,Indoleacetaldehyde,HMDB0001190,800,18086,C00637,6068,O=CCC1=CNC2=C1C=CC=C2,Indole-3-acetaldehyde
L-Cystine,L-Cystine,L-Cystine,HMDB0000192,67678,16283,C00491,5207,N[C@@H](CSSC[C@H](N)C(O)=O)C(O)=O,L-Cystine
L-Fucitol,Fucitol,1-Deoxy-D-glucitol,HMDB0041500,3429,NA,NA,NA,CC(O)C(O)C(O)C(O)CO,NA
L-Palmitoylcarnitine,L-Palmitoylcarnitine,L-Palmitoylcarnitine,HMDB0240774,16902,NA,NA,NA,[H][C@](CC([O-])=O)(C[N+](C)(C)C)OC(=O)CCCCCCCCCCCCCCC,NA
Mannitol 1-phosphate,Mannitol 1-phosphate,Mannitol 1-phosphate,HMDB0001530,130418,16298,C00644,6302,OC[C@@H](O)[C@@H](O)[C@H](O)[C@H](O)COP(O)(O)=O,D-Mannitol 1-phosphate
Methionine sulfoxide,Methionine sulfoxide,Methionine sulfoxide,HMDB0002005,158980,17016,C02989,6428,CS(=O)CC[C@H](N)C(O)=O,L-Methionine S-oxide
Mevalolactone,Mevalonolactone,Mevalonolactone,HMDB0006024,5325923,NA,NA,NA,C[C@]1(O)CCOC(=O)C1,NA
N-Butyrylglycine,N-Butyrylglycine,N-Butyrylglycine,HMDB0000808,88412,89963,NA,5772,CCCC(=O)NCC(O)=O,NA
p-Cresol,p-Cresol,p-Cresol,HMDB0001858,2879,17847,C01468,4236,CC1=CC=C(O)C=C1,4-Cresol
Phenyllactic acid,Phenyllactic acid,Phenyllactic acid,HMDB0000779,3848,25998,C01479,5745,OC(CC1=CC=CC=C1)C(O)=O,Atropine
Phosphoenolpyruvic acid,Phosphoenolpyruvic acid,Phosphoenolpyruvic acid,HMDB0000263,1005,44897,C00074,5264,OC(=O)C(=C)OP(O)(O)=O,Phosphoenolpyruvate
Pyridoxamine 5'-phosphate,Pyridoxamine 5'-phosphate,Pyridoxamine 5'-phosphate,HMDB0001555,1053,18335,C00647,NA,CC1=NC=C(COP(O)(O)=O)C(CN)=C1O,Pyridoxamine phosphate
Xanthosine,Xanthosine,Xanthosine,HMDB0000299,64959,18107,C01762,3408,OC[C@H]1O[C@H]([C@H](O)[C@@H]1O)N1C=NC2=C1N=C(O)N=C2O,Xanthosine
2-Hydroxy-4-(methylthio)butanoic acid,2-Hydroxy-4-(methylthio)butanoic acid,2-Hydroxy-4-(methylthio)-butanoic acid,HMDB0037115,11427,NA,NA,NA,NA,NA
2-Keto-3-deoxy-D-gluconic acid,2-Keto-3-deoxy-D-gluconic acid,2-Keto-3-deoxy-D-gluconic acid,HMDB0001353,194024,17028,C01216,6184,OC[C@@H](O)[C@H](O)CC(=O)C(O)=O,2-Dehydro-3-deoxy-D-galactonate
Adenosine,Adenosine,Adenosine,HMDB0000050,60961,16335,C00212,86,NC1=C2N=CN([C@@H]3O[C@H](CO)[C@@H](O)[C@H]3O)C2=NC=N1,Adenosine
Arachidoyl glycine (C20:4),Arachidoyl glycine,NA,NA,NA,NA,NA,NA,NA,NA
carnitine C24:0,Tetracosanoyl-carnitine,NA,NA,NA,NA,NA,NA,NA,NA
Carnitine C5:1,Tigloyl-L-carnitine,NA,NA,NA,NA,NA,NA,NA,NA
D-Ribose,D-Ribose,D-Ribose,HMDB0000283,5779,47013,C00121,313,OC[C@H]1OC(O)[C@H](O)[C@@H]1O,D-Ribose
Folinic acid,Folinic acid,Folinic acid,HMDB0001562,149436,63606,C03479,6323,NC1=NC(=O)C2=C(NC[C@H](CNC3=CC=C(C=C3)C(=O)N[C@@H](CCC(O)=O)C(O)=O)N2C=O)N1,Folinic acid
Galactaric acid,Galactaric acid,Galactaric acid,HMDB0000639,3037582,30852,C00879,5612,O[C@@H]([C@@H](O)[C@H](O)C(O)=O)[C@@H](O)C(O)=O,D-Galactarate
GDP-Mannose,GDP-Mannose,Guanosine diphosphate mannose,HMDB0001163,18396,15820,C00096,6045,NC1=NC2=C(N=CN2[C@@H]2O[C@H](COP(O)(=O)OP(O)(=O)O[C@H]3O[C@H](CO)[C@@H](O)[C@H](O)[C@@H]3O)[C@@H](O)[C@H]2O)C(=O)N1,GDP-mannose
Inosine triphosphate,Inosine triphosphate,Inosine triphosphate,HMDB0000189,8583,16039,C00081,5204,O[C@@H]1[C@@H](COP(O)(=O)OP(O)(=O)OP(O)(O)=O)O[C@H]([C@@H]1O)N1C=NC2=C1N=CN=C2O,ITP
Mevalonic acid-5-pyrophosphate,Mevalonic acid 5-pyrophosphate,(R)-5-Diphosphomevalonic acid,HMDB0001090,439418,15899,C01143,5997,C[C@@](O)(CCOP(O)(=O)OP(O)(O)=O)CC(O)=O,(R)-5-Diphosphomevalonate
N-Acetylputrescine,N-Acetylputrescine,N-Acetylputrescine,HMDB0002064,122356,17768,C02714,3252,CC(=O)NCCCCN,N-Acetylputrescine
N-lignoceryl taurine,N-lignoceryl taurine,NA,NA,NA,NA,NA,NA,NA,NA
sphingosine (d17:1-P),C17 Sphingosine-1-phosphate,C17 Sphingosine-1-phosphate,NA,5283559,NA,NA,NA,CCCCCCCCCCCC/C=C/(O)(N)COP(=O)(O)O,NA
Acetylphosphate,Acetylphosphate,Acetylphosphate,HMDB0001494,186,15350,C00227,6278,CC(=O)OP(O)(O)=O,Acetyl phosphate
"Adenosine 3',5'-diphosphate","Adenosine 3',5'-diphosphate","Adenosine 3',5'-diphosphate",HMDB0000061,159296,17985,C00054,NA,NC1=C2N=CN([C@@H]3O[C@H](COP(O)(O)=O)[C@@H](OP(O)(O)=O)[C@H]3O)C2=NC=N1,"Adenosine 3',5'-bisphosphate"
carnitine C30:0,carnitine C30:0,NA,NA,NA,NA,NA,NA,NA,NA
Lumichrome,Lumichrome,Lumichrome,HMDB0254199,506,17781,C01727,NA,CC1=CC2=NC3=C(N=C2C=C1C)C(=O)NC(=O)N3,Lumichrome
Methylimidazoleacetic acid,Methylimidazoleacetic acid,Methylimidazoleacetic acid,HMDB0002820,75810,1606,C05828,3774,CN1C=NC(CC(O)=O)=C1,Methylimidazoleacetic acid
Pargyline,Pargyline,Pargyline,HMDB0015563,4688,128477,C07414,NA,CN(CC#C)CC1=CC=CC=C1,Pargyline
Thiamine monophosphate,Thiamine monophosphate,Thiamine monophosphate,HMDB0002666,1131,9533,C01081,3488,CC1=C(CCOP(O)(O)=O)SC=[N+]1CC1=CN=C(C)N=C1N,Thiamin monophosphate
2-Amino-2-deoxy-D-gluconate,2-Amino-2-deoxy-D-gluconate,2-Amino-2-deoxy-D-gluconate,METPA0433,NA,17784,C03752,NA,NA,2-Amino-2-deoxy-D-gluconate
2-Amino-3-phosphonopropionic acid,2-Amino-3-phosphonopropionic acid,2-Amino-3-phosphonopropionic acid,HMDB0000370,3857,28388,C05672,5359,NC(CP(O)(O)=O)C(O)=O,2-Amino-3-phosphonopropanoate
5-Hydroxyindoleacetic acid,5-Hydroxyindoleacetic acid,5-Hydroxyindoleacetic acid,HMDB0000763,1826,27823,C05635,2975,OC(=O)CC1=CNC2=C1C=C(O)C=C2,5-Hydroxyindoleacetate
Acetylcysteine,Acetylcysteine,Acetylcysteine,HMDB0001890,12035,28939,C06809,784,CC(=O)N[C@@H](CS)C(O)=O,Acetylcysteine
All-trans-retinoic acid,All-trans-retinoic acid,all-trans-Retinoic acid,HMDB0001852,444795,15367,C00777,2277,C\C(\C=C\C1=C(C)CCCC1(C)C)=C/C=C/C(/C)=C/C(O)=O,Retinoate
Aminoisobutyric acid,2-Amino-2-methylpropanoate,2-Aminoisobutyric acid,HMDB0001906,6119,27971,C03665,37,CC(C)(N)C(O)=O,2-Amino-2-methylpropanoate
Butyryl-CoA,Butyryl-CoA,Butyryl-CoA,HMDB0001088,265,57371,C00136,5996,CCCC(=O)SCCNC(=O)CCNC(=O)C(O)C(C)(C)COP(O)(=O)OP(O)(=O)OCC1OC(C(O)C1OP(O)(O)=O)N1C=NC2=C1N=CN=C2N,Butanoyl-CoA
C20:0(Arachidic acid),Arachidic acid,Arachidic acid,HMDB0002212,10467,28822,C06425,401,CCCCCCCCCCCCCCCCCCCC(O)=O,Icosanoic acid
Coenzyme A,Coenzyme A,Coenzyme A,HMDB0001423,87642,15346,C00010,6235,CC(C)(COP(O)(=O)OP(O)(=O)OC[C@H]1O[C@H]([C@H](O)[C@@H]1OP(O)(O)=O)N1C=NC2=C1N=CN=C2N)[C@@H](O)C(=O)NCCC(=O)NCCS,CoA
Creatinine,Creatinine,Creatinine,HMDB0000562,588,16737,C00791,8,CN1CC(=O)NC1=N,Creatinine
Cyclic AMP,Cyclic AMP,Cyclic AMP,HMDB0000058,6076,17489,C00575,5120,[H][C@@]12COP(O)(=O)O[C@@]1([H])[C@@H](O)[C@@H](O2)N1C=NC2=C1N=CN=C2N,"3',5'-Cyclic AMP"
Cysteine-S-sulfate,Cysteine-S-sulfate,Cysteine-S-sulfate,HMDB0000731,115015,27891,C05824,NA,N[C@@H](CSS(O)(=O)=O)C(O)=O,S-Sulfo-L-cysteine
Deoxyadenosine monophosphate,Deoxyadenosine monophosphate,Deoxyadenosine monophosphate,HMDB0000905,12599,17713,C00360,3461,NC1=NC=NC2=C1N=CN2[C@H]1C[C@H](O)[C@@H](COP(O)(O)=O)O1,dAMP
Diaminopimelic acid,Diaminopimelic acid,Diaminopimelic acid,HMDB0001370,439283,16026,C00666,352,N[C@@H](CCC[C@H](N)C(O)=O)C(O)=O,"LL-2,6-Diaminoheptanedioate"
Dihydrothymine,Dihydrothymine,Dihydrothymine,HMDB0000079,676414,27468,C00906,5135,C[C@H]1CNC(=O)NC1=O,"5,6-Dihydrothymine"
Flavin Mononucleotide,Flavin Mononucleotide,Flavin mononucleotide,HMDB0001520,643976,17621,C00061,6295,CC1=CC2=C(C=C1C)N(C[C@H](O)[C@H](O)[C@H](O)COP(O)(O)=O)C1=NC(=O)NC(=O)C1=N2,FMN
Glucaric acid,Glucaric acid,Glucaric acid,HMDB0000663,33037,16002,C00818,5633,O[C@@H]([C@H](O)[C@@H](O)C(O)=O)[C@H](O)C(O)=O,D-Glucarate
Lithochoyltaurine,Lithochoyltaurine,NA,NA,NA,NA,NA,NA,NA,NA
Methylmalonic acid,Methylmalonic acid,Methylmalonic acid,HMDB0000202,487,30860,C02170,3712,CC(C(O)=O)C(O)=O,Methylmalonate
N-acetyl-D-mannosamine,N-acetyl-D-mannosamine,N-Acetylmannosamine,HMDB0001129,11096158,63154,C00645,6024,CC(=O)N[C@@H]1[C@H](O)O[C@H](CO)[C@@H](O)[C@@H]1O,N-Acetyl-D-mannosamine
N-Acetylcadaverine,N-Acetylcadaverine,N-Acetylcadaverine,HMDB0002284,189087,88824,NA,NA,CC(=O)NCCCCCN,NA
N-Acetylglutamic acid,N-Acetylglutamic acid,N-Acetyl-L-glutamic acid,HMDB0001138,70914,17533,C00624,6031,CC(=O)N[C@@H](CCC(O)=O)C(O)=O,N-Acetyl-L-glutamate
N-Acetylornithine,N-Acetylornithine,N2-Acetylornithine,HMDB0003357,439232,16543,C00437,NA,CC(=O)N[C@@H](CCCN)C(O)=O,N-Acetylornithine
N-Acetylserine,N-Acetylserine,N-Acetylserine,HMDB0002931,65249,45441,NA,308,CC(=O)N[C@@H](CO)C(O)=O,NA
Palmitoyl glycine (C16:0),Palmitoyl glycine,NA,NA,NA,NA,NA,NA,NA,NA
Pyridoxamine,Pyridoxamine,Pyridoxamine,HMDB0001431,1052,16410,C00534,238,CC1=C(O)C(CN)=C(CO)C=N1,Pyridoxamine
S-Adenosylhomocysteine,S-Adenosylhomocysteine,S-Adenosylhomocysteine,HMDB0000939,439155,16680,C00021,296,N[C@@H](CCSC[C@H]1O[C@H]([C@H](O)[C@@H]1O)N1C=NC2=C1N=CN=C2N)C(O)=O,S-Adenosyl-L-homocysteine
sphingosine (d17:1),C17 Sphingosine,C17 Sphingosine,NA,5283557,74220,NA,NA,CCCCCCCCCCCC/C=C/(O)(N)CO,NA
Urocanic acid,Urocanic acid,Urocanic acid,HMDB0000301,736715,30817,C00785,298,OC(=O)\C=C\C1=CNC=N1,Urocanate
2-Hydroxybutyric acid,2-Hydroxybutyric acid,2-Hydroxybutyric acid,HMDB0000008,440864,50613,C05984,3783,CC[C@H](O)C(O)=O,2-Hydroxybutanoic acid
2-Methylhippuric acid,2-Methylhippuric acid,2-Methylhippuric acid,HMDB0011723,91637,68455,C01586,NA,CC1=C(C=CC=C1)C(=O)NCC(O)=O,Hippurate
3-Sulfinoalanine,3-Sulfinoalanine,3-Sulfinoalanine,HMDB0000996,1549098,16345,C00606,5927,N[C@@H](CS(O)=O)C(O)=O,3-Sulfino-L-alanine
Cortisol,Cortisol,Cortisol,HMDB0000063,5754,17650,C00735,5124,[H][C@@]12CC[C@](O)(C(=O)CO)[C@@]1(C)C[C@H](O)[C@@]1([H])[C@@]2([H])CCC2=CC(=O)CC[C@]12C,Cortisol
Cysteic acid,Cysteic acid,Cysteic acid,HMDB0002757,25701,21260,C00506,332,NC(CS(O)(=O)=O)C(O)=O,L-Cysteate
L-Cysteine,L-Cysteine,L-Cysteine,HMDB0000574,5862,17561,C00097,5556,N[C@@H](CS)C(O)=O,L-Cysteine
L-Histidine,L-Histidine,Histidine,HMDB0000177,6274,15971,C00135,21,N[C@@H](CC1=CN=CN1)C(O)=O,L-Histidine
NADPH,NADPH,NADPH,HMDB0000221,5884,16474,C00005,3691,NC(=O)C1=CN(C=CC1)[C@@H]1O[C@H](COP(O)(=O)OP(O)(=O)OC[C@H]2O[C@H]([C@H](OP(O)(O)=O)[C@@H]2O)N2C=NC3=C2N=CN=C3N)[C@@H](O)[C@H]1O,NADPH
o-Cresol,o-Cresol,o-Cresol,HMDB0002055,335,28054,C01542,NA,CC1=CC=CC=C1O,o-Cresol
Tiglylglycine,Tiglylglycine,Tiglylglycine,HMDB0000959,6441567,73018,NA,4246,C\C=C(/C)C(=O)NCC(O)=O,NA
5-Keto-D-gluconate,5-Keto-D-gluconate,5-Keto-D-gluconate,HMDB0011731,157,17886,C00558,NA,OCC(=O)C(O)C(O)C(O)C(O)=O,D-Tagaturonate
Adipic acid,Adipic acid,Adipic acid,HMDB0000448,196,30832,C06104,115,OC(=O)CCCCC(O)=O,Adipate
Dimethylglycine,Dimethylglycine,Dimethylglycine,HMDB0000092,673,17724,C01026,277,CN(C)CC(O)=O,"N,N-Dimethylglycine"
Glyoxylic acid,Glyoxylic acid,Glyoxylic acid,HMDB0000119,760,16891,C00048,3213,OC(=O)C=O,Glyoxylate
L-Gulonolactone,L-Gulonolactone,L-Gulonolactone,HMDB0003466,439373,17587,C01040,NA,[H][C@@]1(OC(=O)[C@@H](O)[C@H]1O)[C@@H](O)CO,"L-Gulono-1,4-lactone"
N-Acetyl-L-tyrosine,N-Acetyl-L-tyrosine,N-Acetyl-L-tyrosine,HMDB0000866,68310,21563,C01657,NA,CC(=O)N[C@@H](CC1=CC=C(O)C=C1)C(O)=O,Ac-Tyr-OEt
sphingosine (d16:1),C16 Sphingosine,Hexadecasphingosine,HMDB0242181,14767871,71052,NA,NA,[H]\C(CCCCCCCCCCC)=C(\[H])[C@@]([H])(O)[C@@]([H])(N)CO,NA
Ureidopropionic acid,Ureidopropionic acid,Ureidopropionic acid,HMDB0000026,111,18261,C02642,5097,NC(=O)NCCC(O)=O,3-Ureidopropionate
Linoleoyl glycine (C18:2),Linoleoyl glycine,NA,NA,NA,NA,NA,NA,NA,NA
Isovalerylglycine,Isovalerylglycine,Isovalerylglycine,HMDB0000678,546304,70984,NA,5647,CC(C)CC(=O)NCC(O)=O,NA
Phosphoserine,Phosphoserine,Phosphoserine,HMDB0000272,68841,15811,C01005,5270,N[C@@H](COP(O)(O)=O)C(O)=O,O-Phospho-L-serine
Guanosine triphosphate,Guanosine triphosphate,Guanosine triphosphate,HMDB0001273,6830,15996,C00044,6128,NC1=NC2=C(N=CN2[C@@H]2O[C@H](COP(O)(=O)OP(O)(=O)OP(O)(O)=O)[C@@H](O)[C@H]2O)C(=O)N1,GTP
Histamine,Histamine,Histamine,HMDB0000870,774,18295,C00388,68,NCCC1=CNC=N1,Histamine
"(2E,4E)-2,4-Hexadienoic acid","(2E,4E)-2,4-Hexadienoic acid","(2E,4E)-2,4-Hexadienoic acid",HMDB0029581,643460,38358,NA,NA,C\C=C\C=C\C(O)=O,NA
3-Methylindole,3-Methylindole,3-Methylindole,HMDB0000466,6736,9171,C08313,5453,CC1=CNC2=C1C=CC=C2,Skatole
C26:0(Cerotic acid),Cerotic acid,Hexacosanoic acid,HMDB0002356,10469,31009,NA,6642,CCCCCCCCCCCCCCCCCCCCCCCCCC(O)=O,NA
Cytosine,Cytosine,Cytosine,HMDB0000630,597,16040,C00380,283,NC1=CC=NC(=O)N1,Cytosine
Indole-3-propionic acid,Indole-3-propionic acid,Indole-3-propionic acid,HMDB0002302,3744,43580,NA,6602,OC(=O)CCC1=CNC2=C1C=CC=C2,NA
L-Homoserine,L-Homoserine,L-Homoserine,HMDB0000719,12647,15699,C00263,5687,N[C@@H](CCO)C(O)=O,L-Homoserine
Methylhistidine,Methylhistidine,Methylhistidine,HMDB0000479,64969,27596,C01152,5466,[H][C@](N)(CC1=CN=CN1C)C(O)=O,N(pi)-Methyl-L-histidine
N-Acetyl-L-phenylalanine,N-Acetyl-L-phenylalanine,N-Acetyl-L-phenylalanine,HMDB0000512,74839,16259,C03519,5498,CC(=O)N[C@@H](CC1=CC=CC=C1)C(O)=O,N-Acetyl-L-phenylalanine
1-Methyladenosine,1-Methyladenosine,1-Methyladenosine,HMDB0003331,27476,16020,C02494,6888,CN1C=NC2=C(N=CN2[C@@H]2O[C@H](CO)[C@@H](O)[C@H]2O)C1=N,1-Methyladenosine
2-Aminobenzoic acid,2-Aminobenzoic acid,2-Aminobenzoic acid,HMDB0001123,227,30754,C00108,6018,NC1=CC=CC=C1C(O)=O,Anthranilate
2-Hydroxyadipic acid,2-Hydroxyadipic acid,2-Hydroxyadipic acid,HMDB0000321,193530,17023,C02360,5310,OC(CCCC(O)=O)C(O)=O,2-Hydroxyadipate
3-Methyladipic acid,3-Methyladipic acid,3-Methyladipic acid,HMDB0000555,6999745,NA,NA,3797,C[C@@H](CCC(O)=O)CC(O)=O,NA
4-Hydroxybenzaldehyde,4-Hydroxybenzaldehyde,4-Hydroxybenzaldehyde,HMDB0011718,126,17597,C00633,NA,OC1=CC=C(C=O)C=C1,4-Hydroxybenzaldehyde
4-Hydroxybenzoic acid,4-Hydroxybenzoic acid,4-Hydroxybenzoic acid,HMDB0000500,135,30763,C00156,5486,OC(=O)C1=CC=C(O)C=C1,4-Hydroxybenzoate
5-Methylcytosine,5-Methylcytosine,5-Methylcytosine,HMDB0002894,65040,27551,C02376,3247,CC1=C(N)NC(=O)N=C1,5-Methylcytosine
5-Phenylvaleric acid,5-Phenylvaleric acid,5-Phenylvaleric acid,HMDB0002043,16757,40131,NA,6456,OC(=O)CCCCC1=CC=CC=C1,NA
carnitine C26:0,Hexacosanoyl carnitine,Hexacosanoyl carnitine,HMDB0006347,53477828,NA,NA,NA,CCCCCCCCCCCCCCCCCCCCCCCCCC(=O)OC(CC([O-])=O)C[N+](C)(C)C,NA
D-Xylose,D-Xylose,D-Xylose,HMDB0000098,135191,53455,C00181,314,O[C@@H]1COC(O)[C@H](O)[C@H]1O,D-Xylose
Deoxyadenosine,Deoxyadenosine,Deoxyadenosine,HMDB0000101,13730,17256,C00559,3382,NC1=C2N=CN([C@H]3C[C@H](O)[C@@H](CO)O3)C2=NC=N1,Deoxyadenosine
Genistein,Genistein,Genistein,HMDB0003217,5280961,28088,C06563,3398,OC1=CC=C(C=C1)C1=COC2=CC(O)=CC(O)=C2C1=O,Genistein
Homogentisic acid,Homogentisic acid,Homogentisic acid,HMDB0000130,780,44747,C00544,331,OC(=O)CC1=C(O)C=CC(O)=C1,Homogentisate
Homovanillic acid,Homovanillic acid,Homovanillic acid,HMDB0000118,1738,545959,C05582,971,COC1=C(O)C=CC(CC(O)=O)=C1,Homovanillate
Imidazoleacetic acid,Imidazoleacetic acid,Imidazoleacetic acid,HMDB0002024,96215,16974,C02835,6445,OC(=O)CC1=CN=CN1,Imidazole-4-acetate
Leucyl-Glycine,Leucyl-Glycine,Leucyl-Glycine,HMDB0028929,79070,NA,NA,NA,CC(C)CC(N)C(=O)NCC(O)=O,NA
Mandelic acid,Mandelic acid,Mandelic acid,HMDB0000703,439616,32800,C01984,5671,O[C@H](C(O)=O)C1=CC=CC=C1,(S)-Mandelate
N-Acetylleucine,N-Acetylleucine,N-Acetyl-Leu,HMDB0011756,70912,17786,C02710,NA,CC(C)C[C@H](NC(C)=O)C(O)=O,N-Acetyl-L-leucine
N-Acetylserotonin,N-Acetylserotonin,N-Acetylserotonin,HMDB0001238,903,17697,C00978,366,CC(=O)NCCC1=CNC2=C1C=C(O)C=C2,N-Acetylserotonin
Nicotinic acid,Nicotinic acid,Nicotinic acid,HMDB0001488,938,15940,C00253,6272,OC(=O)C1=CN=CC=C1,Nicotinate
Oxoadipic acid,Oxoadipic acid,Oxoadipic acid,HMDB0000225,71,15753,C00322,5234,OC(=O)CCCC(=O)C(O)=O,2-Oxoadipate
p-Hydroxymandelic acid,p-Hydroxymandelic acid,p-Hydroxymandelic acid,HMDB0000822,328,16388,C03198,5785,OC(C(O)=O)C1=CC=C(O)C=C1,(S)-4-Hydroxymandelate
Phenylacetylglycine,Phenylacetylglycine,Phenylacetylglycine,HMDB0000821,68144,27480,C05598,4237,OC(=O)CNC(=O)CC1=CC=CC=C1,Phenylacetylglycine
Phenylpyruvic acid,Phenylpyruvic acid,Phenylpyruvic acid,HMDB0000205,997,30851,C00166,328,OC(=O)C(=O)CC1=CC=CC=C1,Phenylpyruvate
Pimelic acid,Pimelic acid,Pimelic acid,HMDB0000857,385,30531,C02656,3280,OC(=O)CCCCCC(O)=O,Pimelate
Raffinose,Raffinose,Raffinose,HMDB0003213,439242,16634,C00492,138,OC[C@H]1O[C@@](CO)(O[C@H]2O[C@H](CO[C@H]3O[C@H](CO)[C@H](O)[C@H](O)[C@H]3O)[C@@H](O)[C@H](O)[C@H]2O)[C@@H](O)[C@@H]1O,Raffinose
Salicyluric acid,Salicyluric acid,Salicyluric acid,HMDB0000840,10253,9008,C07588,617,OC(=O)CNC(=O)C1=C(O)C=CC=C1,Salicyluric acid
Theophylline,Theophylline,Theophylline,HMDB0001889,2153,28177,C07130,1458,CN1C2=C(NC=N2)C(=O)N(C)C1=O,Theophylline
Tryptophanamide,Tryptophanamide,Tryptophanamide,HMDB0013318,89366,791437,C00977,NA,NC(CC1=CNC2=CC=CC=C12)C(N)=O,L-Tryptophanamide
Ureidosuccinic acid,Ureidosuccinic acid,Ureidosuccinic acid,HMDB0000828,93072,15859,C00438,5791,NC(=O)N[C@@H](CC(O)=O)C(O)=O,N-Carbamoyl-L-aspartate
Muramic acid,Muramic acid,Muramic acid,HMDB0003254,22833605,28118,C06470,3381,C[C@@H](O[C@H]1[C@@H](N)[C@H](O)O[C@H](CO)[C@H]1O)C(O)=O,Muramic acid
"4,5-Dihydroorotic acid","4,5-Dihydroorotic acid","4,5-Dihydroorotic acid",HMDB0000528,648,30865,C00337,5513,OC(=O)C1CC(=O)NC(=O)N1,(S)-Dihydroorotate
L-2-Hydroxyglutaric acid,L-2-Hydroxyglutaric acid,L-2-Hydroxyglutaric acid,HMDB0000694,439939,32797,C03196,5662,O[C@@H](CCC(O)=O)C(O)=O,(S)-2-Hydroxyglutarate